Tree	Node A-upos	Node B-upos	Node C-upos	Absolute frequency	Relative frequency	Order	Number of nodes	Head node	MI	MI3	Dice	logDice	t-score	simple-LL
ADP <case NOUN	ADP	NOUN		441	16641.5	AB	2	NOUN	-0.33	17.24	0.11	10.76	-5.37	138.45
ADJ <amod NOUN	ADJ	NOUN		406	15320.8	AB	2	NOUN	-0.65	16.68	0.09	10.58	-11.50	304.28
ADP <case ADJ <amod NOUN	ADP	ADJ	NOUN	298	11245.3	ABC	3	NOUN	2.29	18.73	0.08	10.35	13.73	-63.45
DET <det NOUN	DET	NOUN		160	6037.7	AB	2	NOUN	-0.24	14.40	0.05	9.62	-2.33	35.40
ADP <case PROPN	ADP	PROPN		155	5849.1	AB	2	PROPN	0.58	15.13	0.09	10.46	4.13	-48.56
CCONJ <cc NOUN	CCONJ	NOUN		110	4150.9	AB	2	NOUN	-1.19	12.38	0.03	9.02	-13.39	202.19
ADP <case DET <det NOUN	ADP	DET	NOUN	95	3584.9	ABC	3	NOUN	2.39	15.53	0.03	8.99	7.89	-17.05
ADP <case DET	ADP	DET		93	3509.4	AB	2	DET	0.17	13.24	0.05	9.81	1.04	-10.87
NOUN >nmod NOUN	NOUN	NOUN		90	3396.2	AB	2	NOUN	-3.81	9.17	0.02	7.99	-123.86	2143.50
PROPN >flat PROPN	PROPN	PROPN		87	3283.0	AB	2	PROPN	0.98	13.86	0.08	10.36	4.58	-34.41
ADP <case NOUN >nmod NOUN	ADP	NOUN	NOUN	86	3245.3	ABC	3	NOUN	-0.49	12.36	0.02	8.23	-3.78	44.52
CCONJ <cc ADJ	CCONJ	ADJ		77	2905.7	AB	2	ADJ	-0.71	11.82	0.04	9.28	-5.61	65.40
ADP <case PRON	ADP	PRON		72	2717.0	AB	2	PRON	-0.19	12.15	0.04	9.44	-1.21	12.20
ADV <advmod ADJ	ADV	ADJ		69	2603.8	AB	2	ADJ	-0.90	11.32	0.03	9.11	-7.17	81.80
ADJ <amod ADJ <amod NOUN	ADJ	ADJ	NOUN	67	2528.3	ABC	3	NOUN	-0.07	12.06	0.02	8.15	-0.40	3.75
NUM <nummod NOUN	NUM	NOUN		56	2113.2	AB	2	NOUN	-1.13	10.48	0.02	8.17	-8.93	95.39
ADJ >conj (CCONJ <cc ADJ)	ADJ	CCONJ	ADJ	50	1886.8	ABC	3	ADJ	1.85	13.13	0.02	8.46	5.10	-16.61
ADP <case ADJ	ADP	ADJ		44	1660.4	AB	2	ADJ	-2.67	8.25	0.02	8.05	-35.46	399.84
NOUN >nmod (ADJ <amod NOUN)	NOUN	ADJ	NOUN	42	1584.9	ABC	3	NOUN	-1.73	9.05	0.01	7.15	-15.02	150.94
ADP <case NUM <nummod NOUN	ADP	NUM	NOUN	41	1547.2	ABC	3	NOUN	1.80	12.52	0.01	7.83	4.57	-13.99
DET <det ADJ <amod NOUN	DET	ADJ	NOUN	39	1471.7	ABC	3	NOUN	0.90	11.47	0.01	7.65	2.90	-15.08
ADV <advmod ADV	ADV	ADV		36	1358.5	AB	2	ADV	-0.51	9.83	0.03	8.98	-2.57	19.65
NOUN >nummod NUM	NOUN	NUM		35	1320.8	AB	2	NOUN	-1.81	8.45	0.01	7.50	-14.84	137.43
PROPN >nummod NUM	PROPN	NUM		35	1320.8	AB	2	PROPN	0.61	10.87	0.04	9.45	2.03	-11.26
CCONJ <cc ADJ <amod NOUN	CCONJ	ADJ	NOUN	34	1283.0	ABC	3	NOUN	0.30	10.48	0.01	7.41	1.10	-6.66
NOUN >nmod (ADP <case NOUN)	NOUN	ADP	NOUN	34	1283.0	ABC	3	NOUN	-1.83	8.34	0.01	6.89	-14.92	136.54
NOUN >nmod PROPN	NOUN	PROPN		33	1245.3	AB	2	NOUN	-2.84	7.25	0.01	7.30	-35.45	350.78
PART <advmod ADV	PART	ADV		32	1207.5	AB	2	ADV	-0.12	9.88	0.03	9.07	-0.48	3.15
ADJ <amod NOUN >nmod NOUN	ADJ	NOUN	NOUN	26	981.1	ABC	3	NOUN	-2.42	6.98	0.01	6.46	-22.23	188.78
ADP <case NOUN >nmod PROPN	ADP	NOUN	PROPN	25	943.4	ABC	3	NOUN	0.14	9.43	0.01	7.03	0.47	-2.57
ADP <case NUM	ADP	NUM		23	867.9	AB	2	NUM	-1.22	7.82	0.01	7.93	-6.41	44.56
NOUN >conj (CCONJ <cc NOUN)	NOUN	CCONJ	NOUN	21	792.5	ABC	3	NOUN	-1.38	7.40	0.00	6.34	-7.36	49.95
CCONJ <cc PROPN	CCONJ	PROPN		18	679.2	AB	2	PROPN	-1.38	6.96	0.02	8.05	-6.80	42.72
(ADV <advmod ADJ) <amod NOUN	ADV	ADJ	NOUN	16	603.8	ABC	3	NOUN	-0.81	7.19	0.00	6.32	-3.02	16.35
CCONJ <cc ADV	CCONJ	ADV		16	603.8	AB	2	ADV	-1.66	6.34	0.01	7.82	-8.62	52.97
ADV >fixed SCONJ	ADV	SCONJ		16	603.8	AB	2	ADV	-1.32	6.68	0.02	7.98	-5.96	35.02
PROPN >nmod PROPN	PROPN	PROPN		15	566.0	AB	2	PROPN	-1.56	6.25	0.01	7.83	-7.55	44.42
ADJ >conj ADJ	ADJ	ADJ		14	528.3	AB	2	ADJ	-4.52	3.09	0.00	6.30	-82.19	576.95
NUM >conj NUM	NUM	NUM		14	528.3	AB	2	NUM	0.23	7.85	0.02	8.67	0.56	-2.21
ADJ <amod NOUN >nmod PROPN	ADJ	NOUN	PROPN	14	528.3	ABC	3	NOUN	-0.90	6.72	0.00	6.13	-3.22	16.57
NOUN >nmod (DET <det NOUN)	NOUN	DET	NOUN	13	490.6	ABC	3	NOUN	-1.67	5.73	0.00	5.68	-7.87	43.70
CCONJ <cc VERB	CCONJ	VERB		13	490.6	AB	2	VERB	-2.98	4.42	0.01	6.92	-24.90	156.24
CCONJ <cc NOUN >nmod NOUN	CCONJ	NOUN	NOUN	13	490.6	ABC	3	NOUN	-2.07	5.33	0.00	5.65	-11.57	67.19
ADP <case NOUN >nummod NUM	ADP	NOUN	NUM	12	452.8	ABC	3	NOUN	0.03	7.20	0.00	6.05	0.07	-0.28
ADJ <amod PROPN	ADJ	PROPN		12	452.8	AB	2	PROPN	-3.31	3.86	0.01	6.62	-30.97	190.65
ADP <case ADV	ADP	ADV		11	415.1	AB	2	ADV	-3.34	3.58	0.01	6.61	-30.34	179.13
PART <advmod ADJ	PART	ADJ		11	415.1	AB	2	ADJ	-2.98	3.94	0.01	6.60	-22.85	131.86
CCONJ >fixed CCONJ	CCONJ	CCONJ		10	377.4	AB	2	CCONJ	-2.31	4.33	0.01	7.16	-12.51	65.22
NOUN >nmod (ADP <case PROPN)	NOUN	ADP	PROPN	10	377.4	ABC	3	NOUN	-1.18	5.47	0.00	5.71	-4.00	18.18
CCONJ >fixed SCONJ	CCONJ	SCONJ		10	377.4	AB	2	CCONJ	-1.97	4.68	0.01	7.32	-9.21	46.42
CCONJ <cc NUM	CCONJ	NUM		10	377.4	AB	2	NUM	-1.28	5.36	0.01	7.58	-4.52	20.89
SCONJ <case ADJ <amod NOUN	SCONJ	ADJ	NOUN	10	377.4	ABC	3	NOUN	-1.12	5.52	0.00	5.68	-3.73	16.80
CCONJ <cc ADP <case NOUN	CCONJ	ADP	NOUN	9	339.6	ABC	3	NOUN	-1.41	4.93	0.00	5.55	-4.98	22.25
ADV >conj (CCONJ <cc ADV)	ADV	CCONJ	ADV	9	339.6	ABC	3	ADV	2.02	8.36	0.01	6.99	2.26	-2.62
ADV <advmod NUM	ADV	NUM		9	339.6	AB	2	NUM	-1.46	4.88	0.01	7.41	-5.25	23.59
PART <advmod ADJ <amod NOUN	PART	ADJ	NOUN	8	301.9	ABC	3	NOUN	-1.25	4.75	0.00	5.37	-3.88	15.93
CCONJ <cc DET <det NOUN	CCONJ	DET	NOUN	8	301.9	ABC	3	NOUN	-0.03	5.97	0.00	5.66	-0.07	0.22
NUM <nummod NOUN >nummod NUM	NUM	NOUN	NUM	8	301.9	ABC	3	NOUN	1.62	7.62	0.00	5.83	1.91	-2.99
PART <advmod NUM	PART	NUM		8	301.9	AB	2	NUM	-1.06	4.94	0.01	7.60	-3.08	12.30
PART >fixed PART	PART	PART		7	264.2	AB	2	PART	-1.74	3.87	0.01	7.19	-6.21	25.52
SCONJ <case NOUN	SCONJ	NOUN		7	264.2	AB	2	NOUN	-4.82	0.79	0.00	5.10	-72.09	361.15
CCONJ <cc ADV <advmod ADJ	CCONJ	ADV	ADJ	7	264.2	ABC	3	ADJ	0.33	5.95	0.00	6.04	0.54	-1.48
PART >fixed SCONJ	PART	SCONJ		7	264.2	AB	2	PART	-1.94	3.67	0.01	7.08	-7.53	31.63
ADV <advmod ADP <case NOUN	ADV	ADP	NOUN	7	264.2	ABC	3	NOUN	-1.80	3.81	0.00	5.18	-6.57	27.19
PROPN >flat PROPN >flat PROPN	PROPN	PROPN	PROPN	7	264.2	ABC	3	PROPN	1.95	7.57	0.01	6.73	1.96	-2.15
ADP >fixed NOUN	ADP	NOUN		7	264.2	AB	2	ADP	-6.31	-0.69	0.00	4.78	-206.70	1067.17
PRON <obj VERB	PRON	VERB		7	264.2	AB	2	VERB	-3.46	2.15	0.00	6.15	-26.51	125.69
SCONJ >fixed SCONJ	SCONJ	SCONJ		6	226.4	AB	2	SCONJ	-2.36	2.81	0.01	6.76	-10.17	41.27
NOUN >amod ADJ	NOUN	ADJ		6	226.4	AB	2	NOUN	-6.73	-1.56	0.00	4.50	-257.92	1239.23
PART <advmod DET	PART	DET		6	226.4	AB	2	DET	-2.10	3.07	0.01	6.89	-8.08	31.96
ADV <advmod DET	ADV	DET		6	226.4	AB	2	DET	-2.67	2.50	0.01	6.59	-13.14	54.72
NUM <nummod ADJ	NUM	ADJ		6	226.4	AB	2	ADJ	-3.37	1.80	0.00	5.82	-22.82	99.65
NUM <nummod ADJ <amod NOUN	NUM	ADJ	NOUN	6	226.4	ABC	3	NOUN	-1.17	4.00	0.00	4.99	-3.07	10.82
PROPN >conj (CCONJ <cc PROPN)	PROPN	CCONJ	PROPN	6	226.4	ABC	3	PROPN	1.65	6.82	0.01	6.48	1.67	-2.22
NOUN >nmod (NOUN >nmod PROPN)	NOUN	NOUN	PROPN	5	188.7	ABC	3	NOUN	-3.37	1.27	0.00	4.28	-20.89	83.26
NOUN >nmod (PROPN >flat PROPN)	NOUN	PROPN	PROPN	5	188.7	ABC	3	NOUN	-0.95	3.69	0.00	4.95	-2.09	6.48
PRON >fixed VERB	PRON	VERB		5	188.7	AB	2	PRON	-3.95	0.70	0.00	5.66	-32.26	132.40
PART >fixed ADV	PART	ADV		5	188.7	AB	2	PART	-2.80	1.85	0.01	6.39	-13.28	50.99
CCONJ >fixed PART	CCONJ	PART		5	188.7	AB	2	CCONJ	-2.77	1.88	0.01	6.40	-13.00	49.82
PART <advmod ADP <case NOUN	PART	ADP	NOUN	5	188.7	ABC	3	NOUN	-1.72	2.92	0.00	4.75	-5.13	17.76
NOUN >nmod (NOUN >nmod NOUN)	NOUN	NOUN	NOUN	5	188.7	ABC	3	NOUN	-5.79	-1.14	0.00	3.82	-121.38	525.38
CCONJ <cc PROPN >flat PROPN	CCONJ	PROPN	PROPN	5	188.7	ABC	3	PROPN	1.39	6.03	0.00	6.21	1.38	-2.00
PART <advmod NOUN	PART	NOUN		5	188.7	AB	2	NOUN	-5.11	-0.46	0.00	4.64	-74.76	318.97
PROPN <nmod PROPN	PROPN	PROPN		5	188.7	AB	2	PROPN	-3.15	1.50	0.00	6.24	-17.56	69.05
NOUN <obj VERB	NOUN	VERB		5	188.7	AB	2	VERB	-6.70	-2.05	0.00	4.33	-230.03	1008.54
ADP <case ADJ <amod PROPN	ADP	ADJ	PROPN	5	188.7	ABC	3	PROPN	-1.19	3.45	0.00	5.23	-2.87	9.24
DET >fixed SCONJ	DET	SCONJ		5	188.7	AB	2	DET	-2.57	2.08	0.01	6.53	-11.01	41.49
NUM <nummod NOUN >nmod NOUN	NUM	NOUN	NOUN	5	188.7	ABC	3	NOUN	-2.42	2.22	0.00	4.34	-9.76	36.36
DET <det NOUN >nmod NOUN	DET	NOUN	NOUN	5	188.7	ABC	3	NOUN	-3.05	1.59	0.00	4.30	-16.27	63.60
NUM >flat NUM	NUM	NUM		4	150.9	AB	2	NUM	-1.58	2.42	0.01	6.87	-3.96	12.04
CCONJ >fixed DET	CCONJ	DET		4	150.9	AB	2	CCONJ	-3.23	0.77	0.00	6.02	-16.75	59.21
CCONJ <cc ADP <case PRON	CCONJ	ADP	PRON	4	150.9	ABC	3	PRON	0.17	4.17	0.00	5.44	0.22	-0.48
DET <det DET <det NOUN	DET	DET	NOUN	4	150.9	ABC	3	NOUN	-0.63	3.37	0.00	4.71	-1.10	2.87
X >flat X	X	X		4	150.9	AB	2	X	2.14	6.14	0.03	8.72	1.55	-1.03
PRON >acl ADJ	PRON	ADJ		4	150.9	AB	2	PRON	-4.57	-0.57	0.00	5.12	-45.36	170.46
ADP <case NOUN <nmod NOUN	ADP	NOUN	NOUN	4	150.9	ABC	3	NOUN	-4.92	-0.92	0.00	3.80	-58.51	222.19
PRON >amod ADJ	PRON	ADJ		4	150.9	AB	2	PRON	-4.57	-0.57	0.00	5.12	-45.36	170.46
NUM >conj (ADP <case NUM)	NUM	ADP	NUM	4	150.9	ABC	3	NUM	1.81	5.81	0.00	5.75	1.43	-1.36
NOUN >nmod (ADP <case PRON)	NOUN	ADP	PRON	4	150.9	ABC	3	NOUN	-2.17	1.83	0.00	4.42	-6.99	22.73
X >fixed X	X	X		4	150.9	AB	2	X	2.14	6.14	0.03	8.72	1.55	-1.03
ADV >fixed PART	ADV	PART		4	150.9	AB	2	ADV	-3.12	0.88	0.00	6.07	-15.35	53.90
NUM >conj (CCONJ <cc NUM)	NUM	CCONJ	NUM	4	150.9	ABC	3	NUM	2.96	6.96	0.01	6.44	1.74	0.15
X >nummod NUM	X	NUM		4	150.9	AB	2	X	0.28	4.28	0.01	7.51	0.36	-0.74
ADP <case PROPN >nmod PROPN	ADP	PROPN	PROPN	3	113.2	ABC	3	PROPN	-0.50	2.67	0.00	4.97	-0.71	1.57
ADJ >nummod NUM	ADJ	NUM		3	113.2	AB	2	ADJ	-4.37	-1.20	0.00	4.82	-34.01	109.92
NUM <nummod PROPN	NUM	PROPN		3	113.2	AB	2	PROPN	-2.94	0.23	0.00	5.90	-11.53	34.63
DET <advmod DET	DET	DET		3	113.2	AB	2	DET	-3.24	-0.07	0.00	5.83	-14.64	44.88
DET <det ADJ	DET	ADJ		3	113.2	AB	2	ADJ	-4.99	-1.82	0.00	4.70	-53.41	175.98
NOUN >nmod (ADJ <amod PROPN)	NOUN	ADJ	PROPN	3	113.2	ABC	3	NOUN	-3.12	0.05	0.00	3.91	-13.32	40.50
ADP <case NOUN >amod ADJ	ADP	NOUN	ADJ	3	113.2	ABC	3	NOUN	-4.35	-1.18	0.00	3.71	-33.49	108.17
SCONJ <case ADV	SCONJ	ADV		3	113.2	AB	2	ADV	-3.73	-0.56	0.00	5.57	-21.28	66.97
(ADV <advmod NUM) <nummod NOUN	ADV	NUM	NOUN	3	113.2	ABC	3	NOUN	-0.85	2.32	0.00	4.29	-1.39	3.28
ADP <case PROPN <nmod PROPN	ADP	PROPN	PROPN	3	113.2	ABC	3	PROPN	-0.50	2.67	0.00	4.97	-0.71	1.57
PROPN >flat X >flat PROPN	PROPN	X	PROPN	3	113.2	ABC	3	PROPN	3.53	6.70	0.00	5.99	1.58	0.90
VERB >obj NOUN	VERB	NOUN		3	113.2	AB	2	VERB	-7.44	-4.27	0.00	3.59	-298.12	1019.27
SCONJ <case ADP <case NOUN	SCONJ	ADP	NOUN	3	113.2	ABC	3	NOUN	-2.66	0.51	0.00	4.00	-9.19	27.03
DET <advmod NUM	DET	NUM		3	113.2	AB	2	NUM	-2.62	0.55	0.00	6.10	-8.88	26.05
(PART <advmod ADV) <advmod ADJ	PART	ADV	ADJ	3	113.2	ABC	3	ADJ	-0.35	2.82	0.00	4.92	-0.47	1.01
DET <det NUM <nummod NOUN	DET	NUM	NOUN	3	113.2	ABC	3	NOUN	-0.42	2.75	0.00	4.35	-0.59	1.27
PART <advmod NOUN >nmod NOUN	PART	NOUN	NOUN	3	113.2	ABC	3	NOUN	-3.65	-0.48	0.00	3.58	-19.99	62.65
DET <advmod ADV	DET	ADV		3	113.2	AB	2	ADV	-3.67	-0.50	0.00	5.59	-20.31	63.73
CCONJ <cc NUM <nummod NOUN	CCONJ	NUM	NOUN	3	113.2	ABC	3	NOUN	-0.82	2.35	0.00	4.30	-1.33	3.13
SCONJ <case ADJ	SCONJ	ADJ		3	113.2	AB	2	ADJ	-5.05	-1.88	0.00	4.68	-55.82	184.24
ADP <case NUM >flat NUM	ADP	NUM	NUM	2	75.5	ABC	3	NUM	0.81	2.81	0.00	4.75	0.61	-0.74
ADJ >expl PRON	ADJ	PRON		2	75.5	AB	2	ADJ	-5.57	-3.57	0.00	4.12	-65.57	178.76
(PART <advmod ADV) <advmod ADV	PART	ADV	ADV	2	75.5	ABC	3	ADV	0.39	2.39	0.00	4.98	0.33	-0.48
ADV <advmod NOUN	ADV	NOUN		2	75.5	AB	2	NOUN	-6.99	-4.99	0.00	3.24	-178.88	497.54
CCONJ <cc PART <advmod NOUN	CCONJ	PART	NOUN	2	75.5	ABC	3	NOUN	-1.90	0.10	0.00	3.67	-3.85	8.61
CCONJ <cc VERB >obj NOUN	CCONJ	VERB	NOUN	2	75.5	ABC	3	VERB	-3.49	-1.49	0.00	3.40	-14.47	36.72
ADJ <amod NUM <nummod NOUN	ADJ	NUM	NOUN	2	75.5	ABC	3	NOUN	-2.76	-0.76	0.00	3.41	-8.15	19.73
X <nmod PROPN	X	PROPN		2	75.5	AB	2	PROPN	-1.66	0.34	0.00	5.73	-3.06	6.67
PROPN >nmod (PROPN >flat PROPN)	PROPN	PROPN	PROPN	2	75.5	ABC	3	PROPN	0.14	2.14	0.00	4.92	0.14	-0.21
NOUN <nmod ADV	NOUN	ADV		2	75.5	AB	2	ADV	-6.99	-4.99	0.00	3.24	-178.88	497.54
CCONJ <cc ADP <case PROPN	CCONJ	ADP	PROPN	2	75.5	ABC	3	PROPN	-1.16	0.84	0.00	4.37	-1.75	3.56
SCONJ <mark VERB	SCONJ	VERB		2	75.5	AB	2	VERB	-5.34	-3.34	0.00	4.32	-55.99	151.92
VERB >advmod ADV	VERB	ADV		2	75.5	AB	2	VERB	-5.71	-3.71	0.00	4.21	-72.60	198.48
NOUN >advmod ADV	NOUN	ADV		2	75.5	AB	2	NOUN	-6.99	-4.99	0.00	3.24	-178.88	497.54
CCONJ <cc DET	CCONJ	DET		2	75.5	AB	2	DET	-4.23	-2.23	0.00	5.02	-25.10	65.90
DET >advmod ADV	DET	ADV		2	75.5	AB	2	DET	-4.25	-2.25	0.00	5.01	-25.58	67.24
ADJ >nmod (ADP <case PRON)	ADJ	ADP	PRON	2	75.5	ABC	3	ADJ	-2.18	-0.18	0.00	3.96	-4.99	11.50
ADV >conj (CCONJ <cc ADJ)	ADV	CCONJ	ADJ	2	75.5	ABC	3	ADV	-1.47	0.53	0.00	4.23	-2.52	5.34
ADV >nmod (ADP <case NOUN)	ADV	ADP	NOUN	2	75.5	ABC	3	ADV	-3.61	-1.61	0.00	3.37	-15.83	40.44
ADP <case PROPN >flat PROPN	ADP	PROPN	PROPN	2	75.5	ABC	3	PROPN	-1.08	0.92	0.00	4.39	-1.58	3.16
PRON >nmod DET	PRON	DET		2	75.5	AB	2	PRON	-3.81	-1.81	0.00	5.25	-18.48	47.68
NOUN <nmod NOUN	NOUN	NOUN		2	75.5	AB	2	NOUN	-9.30	-7.30	0.00	2.50	-893.12	2514.92
NOUN >nmod PRON	NOUN	PRON		2	75.5	AB	2	NOUN	-6.55	-4.55	0.00	3.30	-131.45	363.91
DET <advmod ADJ	DET	ADJ		2	75.5	AB	2	ADJ	-5.58	-3.58	0.00	4.11	-66.12	180.29
AUX <cop ADJ	AUX	ADJ		2	75.5	AB	2	ADJ	-6.46	-4.46	0.00	3.86	-122.66	339.17
(ADP <case NOUN) <nmod ADJ	ADP	NOUN	ADJ	2	75.5	ABC	3	ADJ	-4.93	-2.93	0.00	3.13	-41.73	112.08
CCONJ <cc PRON <obj VERB	CCONJ	PRON	VERB	2	75.5	ABC	3	VERB	-0.74	1.26	0.00	4.49	-0.94	1.78
ADP <case NOUN >nmod DET	ADP	NOUN	DET	2	75.5	ABC	3	NOUN	-3.18	-1.18	0.00	3.42	-11.40	28.41
X <nmod PROPN >flat PROPN	X	PROPN	PROPN	2	75.5	ABC	3	PROPN	2.95	4.95	0.00	5.40	1.23	0.07
DET <det NOUN >nmod PROPN	DET	NOUN	PROPN	2	75.5	ABC	3	NOUN	-1.95	0.05	0.00	3.67	-4.06	9.13
PROPN >conj PROPN	PROPN	PROPN		2	75.5	AB	2	PROPN	-4.47	-2.47	0.00	4.92	-29.88	79.14
ADV <advmod VERB	ADV	VERB		2	75.5	AB	2	VERB	-5.71	-3.71	0.00	4.21	-72.60	198.48
ADP <case DET <det PROPN	ADP	DET	PROPN	2	75.5	ABC	3	PROPN	-0.76	1.24	0.00	4.45	-0.98	1.86
PRON <nmod ADJ	PRON	ADJ		2	75.5	AB	2	ADJ	-5.57	-3.57	0.00	4.12	-65.57	178.76
PART >fixed CCONJ	PART	CCONJ		2	75.5	AB	2	PART	-4.09	-2.09	0.00	5.08	-22.68	59.23
(ADV <advmod DET) <det NOUN	ADV	DET	NOUN	2	75.5	ABC	3	NOUN	-2.06	-0.06	0.00	3.65	-4.48	10.20
SCONJ <case DET <det NOUN	SCONJ	DET	NOUN	2	75.5	ABC	3	NOUN	-1.69	0.31	0.00	3.70	-3.16	6.90
NOUN >nmod (PROPN >nmod PROPN)	NOUN	PROPN	PROPN	2	75.5	ABC	3	NOUN	-2.27	-0.27	0.00	3.63	-5.42	12.60
X >fixed X >fixed X	X	X	X	1	37.7	ABC	3	X	7.56	7.56	0.01	6.72	0.99	2.56
NOUN >nmod (X >flat PROPN)	NOUN	X	PROPN	1	37.7	ABC	3	NOUN	-0.47	-0.47	0.00	2.81	-0.38	0.49
X >flat PROPN	X	PROPN		1	37.7	AB	2	X	-2.66	-2.66	0.00	4.73	-5.33	9.07
ADP <case NOUN >nmod PRON	ADP	NOUN	PRON	1	37.7	ABC	3	NOUN	-4.17	-4.17	0.00	2.42	-16.97	31.44
PRON >nmod (ADP <case NOUN)	PRON	ADP	NOUN	1	37.7	ABC	3	PRON	-4.17	-4.17	0.00	2.42	-16.97	31.44
PART <advmod PART	PART	PART		1	37.7	AB	2	PART	-4.55	-4.55	0.00	4.38	-22.43	42.12
CCONJ <cc PRON	CCONJ	PRON		1	37.7	AB	2	PRON	-5.22	-5.22	0.00	4.03	-36.19	69.24
VERB >conj (CCONJ <cc VERB)	VERB	CCONJ	VERB	1	37.7	ABC	3	VERB	-3.20	-3.20	0.00	3.06	-8.22	14.51
ADP >conj (CCONJ <cc ADP)	ADP	CCONJ	ADP	1	37.7	ABC	3	ADP	-3.39	-3.39	0.00	2.98	-9.49	16.93
CCONJ <cc ADP	CCONJ	ADP		1	37.7	AB	2	ADP	-6.78	-6.78	0.00	3.15	-108.63	213.17
X <cc X	X	X		1	37.7	AB	2	X	0.14	0.14	0.01	6.72	0.09	-0.10
X <amod X	X	X		1	37.7	AB	2	X	0.14	0.14	0.01	6.72	0.09	-0.10
PRON >conj (CCONJ <cc ADJ)	PRON	CCONJ	ADJ	1	37.7	ABC	3	PRON	-2.03	-2.03	0.00	3.32	-3.10	4.97
ADV >obl (SCONJ <case NOUN)	ADV	SCONJ	NOUN	1	37.7	ABC	3	ADV	-3.12	-3.12	0.00	2.64	-7.71	13.54
NOUN <nmod NOUN >nmod NOUN	NOUN	NOUN	NOUN	1	37.7	ABC	3	NOUN	-8.11	-8.11	0.00	1.50	-275.40	545.92
(DET <advmod DET) <det NOUN	DET	DET	NOUN	1	37.7	ABC	3	NOUN	-2.63	-2.63	0.00	2.71	-5.20	8.81
PROPN >nmod (X >flat X)	PROPN	X	X	1	37.7	ABC	3	PROPN	4.75	4.75	0.00	5.14	0.96	0.94
CCONJ <cc X >flat X	CCONJ	X	X	1	37.7	ABC	3	X	4.67	4.67	0.00	5.08	0.96	0.89
AUX <aux VERB	AUX	VERB		1	37.7	AB	2	VERB	-7.16	-7.16	0.00	3.05	-141.89	279.47
AUX <aux PART <advmod VERB	AUX	PART	VERB	1	37.7	ABC	3	VERB	-2.09	-2.09	0.00	3.37	-3.25	5.24
(ADP <case ADV) <advmod ADJ	ADP	ADV	ADJ	1	37.7	ABC	3	ADJ	-3.62	-3.62	0.00	2.89	-11.30	20.41
PRON >conj (CCONJ <cc NOUN)	PRON	CCONJ	NOUN	1	37.7	ABC	3	PRON	-3.02	-3.02	0.00	2.66	-7.13	12.43
ADP <case X <nmod PROPN	ADP	X	PROPN	1	37.7	ABC	3	PROPN	0.72	0.72	0.00	3.70	0.39	-0.35
DET <det PRON >amod ADJ	DET	PRON	ADJ	1	37.7	ABC	3	PRON	-1.63	-1.63	0.00	3.40	-2.10	3.22
NOUN >nmod (NUM <nummod NOUN)	NOUN	NUM	NOUN	1	37.7	ABC	3	NOUN	-4.75	-4.75	0.00	2.02	-25.83	48.80
NOUN >nmod (ADP <case NUM)	NOUN	ADP	NUM	1	37.7	ABC	3	NOUN	-3.55	-3.55	0.00	2.47	-10.75	19.35
(ADV <advmod ADV) <advmod ADJ	ADV	ADV	ADJ	1	37.7	ABC	3	ADJ	-2.50	-2.50	0.00	3.23	-4.66	7.82
PROPN >advmod ADV	PROPN	ADV		1	37.7	AB	2	PROPN	-5.58	-5.58	0.00	3.86	-46.69	90.03
ADJ >nmod (ADP <case NOUN)	ADJ	ADP	NOUN	1	37.7	ABC	3	ADJ	-5.93	-5.93	0.00	2.13	-60.01	116.45
ADV <advmod ADP <case ADJ	ADV	ADP	ADJ	1	37.7	ABC	3	ADJ	-3.62	-3.62	0.00	2.89	-11.30	20.41
CCONJ >conj CCONJ	CCONJ	CCONJ		1	37.7	AB	2	CCONJ	-5.63	-5.63	0.00	3.84	-48.56	93.73
CCONJ <cc AUX <cop ADJ	CCONJ	AUX	ADJ	1	37.7	ABC	3	ADJ	-2.92	-2.92	0.00	3.12	-6.59	11.42
SCONJ <case PROPN <nmod PROPN	SCONJ	PROPN	PROPN	1	37.7	ABC	3	PROPN	-0.60	-0.60	0.00	4.00	-0.51	0.66
ADJ >conj (SYM <cc ADJ)	ADJ	SYM	ADJ	1	37.7	ABC	3	ADJ	3.56	3.56	0.00	3.07	0.92	0.31
SYM <cc ADJ	SYM	ADJ		1	37.7	AB	2	ADJ	0.38	0.38	0.00	3.49	0.23	-0.23
NOUN <obj VERB >advmod ADV	NOUN	VERB	ADV	1	37.7	ABC	3	VERB	-4.52	-4.52	0.00	2.40	-21.87	41.02
DET >conj (CCONJ <cc DET)	DET	CCONJ	DET	1	37.7	ABC	3	DET	-0.29	-0.29	0.00	4.09	-0.23	0.28
CCONJ <cc PRON <expl VERB	CCONJ	PRON	VERB	1	37.7	ABC	3	VERB	-1.74	-1.74	0.00	3.49	-2.34	3.63
ADV <advmod NOUN <obj VERB	ADV	NOUN	VERB	1	37.7	ABC	3	VERB	-4.52	-4.52	0.00	2.40	-21.87	41.02
ADP <case ADV <advmod ADJ	ADP	ADV	ADJ	1	37.7	ABC	3	ADJ	-3.62	-3.62	0.00	2.89	-11.30	20.41
(NUM >flat NUM) <nummod NOUN	NUM	NUM	NOUN	1	37.7	ABC	3	NOUN	-1.38	-1.38	0.00	2.83	-1.60	2.38
(ADP <case PROPN) <nmod ADJ	ADP	PROPN	ADJ	1	37.7	ABC	3	ADJ	-3.51	-3.51	0.00	2.91	-10.41	18.71
SCONJ <case ADV <advmod ADV	SCONJ	ADV	ADV	1	37.7	ABC	3	ADV	-0.81	-0.81	0.00	3.92	-0.76	1.02
CCONJ <cc PRON <nmod ADJ	CCONJ	PRON	ADJ	1	37.7	ABC	3	ADJ	-2.03	-2.03	0.00	3.32	-3.10	4.97
X <nmod X	X	X		1	37.7	AB	2	X	0.14	0.14	0.01	6.72	0.09	-0.10
X >nmod X	X	X		1	37.7	AB	2	X	0.14	0.14	0.01	6.72	0.09	-0.10
PRON >nmod (ADP <case PRON)	PRON	ADP	PRON	1	37.7	ABC	3	PRON	-1.42	-1.42	0.00	3.53	-1.67	2.49
ADV >advmod (CCONJ <cc ADV)	ADV	CCONJ	ADV	1	37.7	ABC	3	ADV	-1.15	-1.15	0.00	3.82	-1.22	1.75
AUX <aux VERB >advmod ADV	AUX	VERB	ADV	1	37.7	ABC	3	VERB	-2.65	-2.65	0.00	3.26	-5.29	8.99
(ADP <case PROPN) <obl VERB	ADP	PROPN	VERB	1	37.7	ABC	3	VERB	-3.22	-3.22	0.00	3.04	-8.29	14.65
VERB >nsubj NOUN	VERB	NOUN		1	37.7	AB	2	VERB	-9.02	-9.02	0.00	2.00	-518.35	1031.27
ADP <case NOUN >nmod ADV	ADP	NOUN	ADV	1	37.7	ABC	3	NOUN	-4.61	-4.61	0.00	2.37	-23.39	44.01
ADJ <acl PROPN >flat PROPN	ADJ	PROPN	PROPN	1	37.7	ABC	3	PROPN	-2.29	-2.29	0.00	3.27	-3.88	6.37
CCONJ <cc PART <advmod PART	CCONJ	PART	PART	1	37.7	ABC	3	PART	-0.02	-0.02	0.00	4.17	-0.01	0.02
(ADV <advmod ADJ) <amod PROPN	ADV	ADJ	PROPN	1	37.7	ABC	3	PROPN	-2.39	-2.39	0.00	3.25	-4.25	7.07
X <cc ADJ <amod NOUN	X	ADJ	NOUN	1	37.7	ABC	3	NOUN	-1.90	-1.90	0.00	2.47	-2.73	4.32
NOUN >nmod (NOUN <nmod NOUN)	NOUN	NOUN	NOUN	1	37.7	ABC	3	NOUN	-8.11	-8.11	0.00	1.50	-275.40	545.92
ADP <case ADV <advmod NOUN	ADP	ADV	NOUN	1	37.7	ABC	3	NOUN	-4.61	-4.61	0.00	2.37	-23.39	44.01
ADP >fixed SCONJ	ADP	SCONJ		1	37.7	AB	2	ADP	-6.44	-6.44	0.00	3.25	-85.57	167.27
ADV <advmod PART	ADV	PART		1	37.7	AB	2	PART	-5.12	-5.12	0.00	4.07	-33.70	64.32
PART <advmod DET <det NOUN	PART	DET	NOUN	1	37.7	ABC	3	NOUN	-2.49	-2.49	0.00	2.72	-4.63	7.76
CCONJ >fixed ADV >fixed ADV	CCONJ	ADV	ADV	1	37.7	ABC	3	CCONJ	-1.15	-1.15	0.00	3.82	-1.22	1.75
CCONJ <cc ADV <advmod VERB	CCONJ	ADV	VERB	1	37.7	ABC	3	VERB	-2.18	-2.18	0.00	3.39	-3.53	5.74
CCONJ <cc VERB >advcl ADJ	CCONJ	VERB	ADJ	1	37.7	ABC	3	VERB	-3.50	-3.50	0.00	2.93	-10.32	18.54
DET <det NOUN <amod NOUN	DET	NOUN	NOUN	1	37.7	ABC	3	NOUN	-5.37	-5.37	0.00	1.98	-40.39	77.54
ADP <case PART	ADP	PART		1	37.7	AB	2	PART	-6.24	-6.24	0.00	3.30	-74.38	145.01
VERB >obl (NUM <nummod NOUN)	VERB	NUM	NOUN	1	37.7	ABC	3	VERB	-3.46	-3.46	0.00	2.49	-10.01	17.94
CCONJ <cc NOUN <nmod NOUN	CCONJ	NOUN	NOUN	1	37.7	ABC	3	NOUN	-5.77	-5.77	0.00	1.95	-53.71	103.94
NOUN <nsubj CCONJ <advmod VERB	NOUN	CCONJ	VERB	1	37.7	ABC	3	VERB	-4.49	-4.49	0.00	2.40	-21.46	40.22
NOUN >nmod (NOUN >nummod NUM)	NOUN	NOUN	NUM	1	37.7	ABC	3	NOUN	-4.75	-4.75	0.00	2.02	-25.83	48.80
PART <advmod ADP <case ADJ	PART	ADP	ADJ	1	37.7	ABC	3	ADJ	-3.05	-3.05	0.00	2.98	-7.30	12.77
PART <advmod PRON	PART	PRON		1	37.7	AB	2	PRON	-4.68	-4.68	0.00	4.31	-24.57	46.33
SCONJ <cc ADP <case PROPN	SCONJ	ADP	PROPN	1	37.7	ABC	3	PROPN	-1.82	-1.82	0.00	3.44	-2.54	3.98
(DET <advmod NUM) <nummod NOUN	DET	NUM	NOUN	1	37.7	ABC	3	NOUN	-2.01	-2.01	0.00	2.77	-3.02	4.83
DET <orphan PART	DET	PART		1	37.7	AB	2	PART	-4.69	-4.69	0.00	4.31	-24.78	46.74
CCONJ <cc X <amod PROPN	CCONJ	X	PROPN	1	37.7	ABC	3	PROPN	1.87	1.87	0.00	4.37	0.73	-0.33
ADV >fixed ADJ	ADV	ADJ		1	37.7	AB	2	ADV	-7.01	-7.01	0.00	3.00	-127.55	250.87
SCONJ <case ADP <case DET	SCONJ	ADP	DET	1	37.7	ABC	3	DET	-1.50	-1.50	0.00	3.51	-1.83	2.76
CCONJ <cc ADP <case NUM	CCONJ	ADP	NUM	1	37.7	ABC	3	NUM	-1.22	-1.22	0.00	3.53	-1.32	1.92
(ADP <case NOUN) <obl VERB	ADP	NOUN	VERB	1	37.7	ABC	3	VERB	-5.63	-5.63	0.00	2.20	-48.68	93.97
DET >fixed PART	DET	PART		1	37.7	AB	2	DET	-4.69	-4.69	0.00	4.31	-24.78	46.74
ADJ >nmod PRON	ADJ	PRON		1	37.7	AB	2	ADJ	-6.57	-6.57	0.00	3.12	-93.73	183.51
NUM >flat (CCONJ <cc NUM)	NUM	CCONJ	NUM	1	37.7	ABC	3	NUM	0.96	0.96	0.00	4.44	0.48	-0.39
DET <det NOUN <nmod NOUN	DET	NOUN	NOUN	1	37.7	ABC	3	NOUN	-5.37	-5.37	0.00	1.98	-40.39	77.54
ADV <advmod DET >fixed SCONJ	ADV	DET	SCONJ	1	37.7	ABC	3	DET	-0.38	-0.38	0.00	4.06	-0.30	0.38
ADJ <amod ADJ	ADJ	ADJ		1	37.7	AB	2	ADJ	-8.33	-8.33	0.00	2.49	-320.53	636.05
NOUN <obj PART <advmod VERB	NOUN	PART	VERB	1	37.7	ABC	3	VERB	-3.95	-3.95	0.00	2.46	-14.44	26.51
VERB >advmod CCONJ >expl PRON	VERB	CCONJ	PRON	1	37.7	ABC	3	VERB	-1.74	-1.74	0.00	3.49	-2.34	3.63
NOUN <nmod ADP <case NOUN	NOUN	ADP	NOUN	1	37.7	ABC	3	NOUN	-6.92	-6.92	0.00	1.80	-120.02	235.87
CCONJ <cc VERB >obl PRON	CCONJ	VERB	PRON	1	37.7	ABC	3	VERB	-1.74	-1.74	0.00	3.49	-2.34	3.63
PRON >fixed PART	PRON	PART		1	37.7	AB	2	PRON	-4.68	-4.68	0.00	4.31	-24.57	46.33
(PROPN <nmod ADJ) <amod NOUN	PROPN	ADJ	NOUN	1	37.7	ABC	3	NOUN	-4.70	-4.70	0.00	2.33	-25.06	47.30
PROPN <nmod ADJ	PROPN	ADJ		1	37.7	AB	2	ADJ	-6.90	-6.90	0.00	3.03	-118.29	232.43
ADJ >nmod (ADP <case PROPN)	ADJ	ADP	PROPN	1	37.7	ABC	3	ADJ	-3.51	-3.51	0.00	2.91	-10.41	18.71
(DET <advmod ADV) <advmod ADJ	DET	ADV	ADJ	1	37.7	ABC	3	ADJ	-2.07	-2.07	0.00	3.31	-3.21	5.16
CCONJ <cc PROPN >nmod PROPN	CCONJ	PROPN	PROPN	1	37.7	ABC	3	PROPN	-0.94	-0.94	0.00	3.89	-0.91	1.26
(DET >fixed SCONJ) <advmod NUM	DET	SCONJ	NUM	1	37.7	ABC	3	NUM	0.67	0.67	0.00	4.40	0.37	-0.34
PART <advmod PROPN	PART	PROPN		1	37.7	AB	2	PROPN	-5.01	-5.01	0.00	4.13	-31.20	59.39
ADV <advmod ADV <advmod ADV	ADV	ADV	ADV	1	37.7	ABC	3	ADV	-1.18	-1.18	0.00	3.81	-1.26	1.82
AUX <cop ADV <advmod ADJ	AUX	ADV	ADJ	1	37.7	ABC	3	ADJ	-2.95	-2.95	0.00	3.11	-6.73	11.68
ADP <case DET <det DET	ADP	DET	DET	1	37.7	ABC	3	DET	-1.44	-1.44	0.00	3.53	-1.71	2.56
SCONJ <mark NOUN	SCONJ	NOUN		1	37.7	AB	2	NOUN	-7.63	-7.63	0.00	2.29	-196.73	388.88
PART <advmod ADP <case PRON	PART	ADP	PRON	1	37.7	ABC	3	PRON	-1.29	-1.29	0.00	3.55	-1.45	2.12
ADV >advmod PART	ADV	PART		1	37.7	AB	2	ADV	-5.12	-5.12	0.00	4.07	-33.70	64.32
CCONJ <cc VERB >xcomp VERB	CCONJ	VERB	VERB	1	37.7	ABC	3	VERB	-3.20	-3.20	0.00	3.06	-8.22	14.51
PRON >appos ADJ	PRON	ADJ		1	37.7	AB	2	PRON	-6.57	-6.57	0.00	3.12	-93.73	183.51
NOUN >nmod (ADP <case ADJ)	NOUN	ADP	ADJ	1	37.7	ABC	3	NOUN	-5.93	-5.93	0.00	2.13	-60.01	116.45
NUM >nmod PROPN	NUM	PROPN		1	37.7	AB	2	NUM	-4.52	-4.52	0.00	4.32	-21.97	41.21
PROPN >nummod (NUM >nmod PROPN)	PROPN	NUM	PROPN	1	37.7	ABC	3	PROPN	0.09	0.09	0.00	4.17	0.06	-0.07
ADV <advmod ADP <case PROPN	ADV	ADP	PROPN	1	37.7	ABC	3	PROPN	-2.19	-2.19	0.00	3.36	-3.56	5.81
CCONJ <cc PROPN >nmod X	CCONJ	PROPN	X	1	37.7	ABC	3	PROPN	1.87	1.87	0.00	4.37	0.73	-0.33
ADV <advmod PART <advmod ADJ	ADV	PART	ADJ	1	37.7	ABC	3	ADJ	-1.93	-1.93	0.00	3.33	-2.82	4.48
ADV >obl (SCONJ <case PART)	ADV	SCONJ	PART	1	37.7	ABC	3	ADV	-0.25	-0.25	0.00	4.10	-0.19	0.22
PART <advmod NOUN >nummod NUM	PART	NOUN	NUM	1	37.7	ABC	3	NOUN	-1.87	-1.87	0.00	2.78	-2.65	4.18
SCONJ <case PART	SCONJ	PART		1	37.7	AB	2	PART	-4.75	-4.75	0.00	4.27	-25.91	48.96
ADV <advmod ADP <case DET	ADV	ADP	DET	1	37.7	ABC	3	DET	-1.87	-1.87	0.00	3.43	-2.65	4.18
CCONJ <cc PART <advmod DET	CCONJ	PART	DET	1	37.7	ABC	3	DET	-0.16	-0.16	0.00	4.13	-0.11	0.14
ADV <advmod NOUN >nmod NOUN	ADV	NOUN	NOUN	1	37.7	ABC	3	NOUN	-5.80	-5.80	0.00	1.95	-54.71	105.93
NUM >conj (CCONJ <cc ADJ)	NUM	CCONJ	ADJ	1	37.7	ABC	3	NUM	-1.42	-1.42	0.00	3.41	-1.68	2.50
DET >nmod (ADP <case NOUN)	DET	ADP	NOUN	1	37.7	ABC	3	DET	-4.18	-4.18	0.00	2.42	-17.12	31.73
(DET <det NOUN) <obj VERB	DET	NOUN	VERB	1	37.7	ABC	3	VERB	-4.09	-4.09	0.00	2.44	-15.99	29.52
ADV >obl (SCONJ <case ADV)	ADV	SCONJ	ADV	1	37.7	ABC	3	ADV	-0.81	-0.81	0.00	3.92	-0.76	1.02
PRON <expl NOUN <obj VERB	PRON	NOUN	VERB	1	37.7	ABC	3	VERB	-4.08	-4.08	0.00	2.44	-15.85	29.26
X <nmod ADJ	X	ADJ		1	37.7	AB	2	ADJ	-4.09	-4.09	0.00	3.41	-16.07	29.68
ADJ <amod NOUN >amod ADJ	ADJ	NOUN	ADJ	1	37.7	ABC	3	NOUN	-6.13	-6.13	0.00	2.08	-69.25	134.81
AUX <cop PRON >amod ADJ	AUX	PRON	ADJ	1	37.7	ABC	3	PRON	-2.51	-2.51	0.00	3.19	-4.69	7.88
ADV >nmod (ADP <case PRON)	ADV	ADP	PRON	1	37.7	ABC	3	ADV	-1.86	-1.86	0.00	3.43	-2.62	4.13
ADJ >obj PROPN	ADJ	PROPN		1	37.7	AB	2	ADJ	-6.90	-6.90	0.00	3.03	-118.29	232.43
(PART <advmod DET) <det NOUN	PART	DET	NOUN	1	37.7	ABC	3	NOUN	-2.49	-2.49	0.00	2.72	-4.63	7.76
(NOUN >nummod NUM) <nmod NOUN	NOUN	NUM	NOUN	1	37.7	ABC	3	NOUN	-4.75	-4.75	0.00	2.02	-25.83	48.80
ADP <case DET <det ADJ	ADP	DET	ADJ	1	37.7	ABC	3	ADJ	-3.19	-3.19	0.00	2.96	-8.14	14.35
ADJ >obl (ADP <case PROPN)	ADJ	ADP	PROPN	1	37.7	ABC	3	ADJ	-3.51	-3.51	0.00	2.91	-10.41	18.71
PART <advmod NOUN >nmod PROPN	PART	NOUN	PROPN	1	37.7	ABC	3	NOUN	-2.81	-2.81	0.00	2.68	-6.04	10.38
PROPN >flat X >nummod NUM	PROPN	X	NUM	1	37.7	ABC	3	PROPN	2.90	2.90	0.00	4.77	0.87	0.01
PART <advmod SCONJ <case PROPN	PART	SCONJ	PROPN	1	37.7	ABC	3	PROPN	-0.14	-0.14	0.00	4.15	-0.10	0.12
CCONJ <cc PART <advmod ADJ	CCONJ	PART	ADJ	1	37.7	ABC	3	ADJ	-1.91	-1.91	0.00	3.34	-2.75	4.36
NUM >conj (CCONJ <cc DET)	NUM	CCONJ	DET	1	37.7	ABC	3	NUM	0.33	0.33	0.00	4.25	0.20	-0.21
CCONJ <cc NOUN >nummod NUM	CCONJ	NOUN	NUM	1	37.7	ABC	3	NOUN	-2.41	-2.41	0.00	2.71	-4.31	7.17
X >flat PROPN >flat PROPN	X	PROPN	PROPN	1	37.7	ABC	3	X	1.95	1.95	0.00	4.40	0.74	-0.31
DET <det PROPN	DET	PROPN		1	37.7	AB	2	PROPN	-5.15	-5.15	0.00	4.07	-34.43	65.77
ADP <case NOUN >advmod ADV	ADP	NOUN	ADV	1	37.7	ABC	3	NOUN	-4.61	-4.61	0.00	2.37	-23.39	44.01
CCONJ <cc PROPN <nmod PROPN	CCONJ	PROPN	PROPN	1	37.7	ABC	3	PROPN	-0.94	-0.94	0.00	3.89	-0.91	1.26
PROPN >flat NOUN	PROPN	NOUN		1	37.7	AB	2	PROPN	-7.89	-7.89	0.00	2.25	-235.63	466.50
PROPN >flat X	PROPN	X		1	37.7	AB	2	PROPN	-2.66	-2.66	0.00	4.73	-5.33	9.07
CCONJ <cc NOUN >nmod PROPN	CCONJ	NOUN	PROPN	1	37.7	ABC	3	NOUN	-3.36	-3.36	0.00	2.62	-9.23	16.45
NOUN >nmod (PROPN >nummod NUM)	NOUN	PROPN	NUM	1	37.7	ABC	3	NOUN	-2.33	-2.33	0.00	2.72	-4.02	6.64
(NUM <nummod NOUN) <nmod ADJ	NUM	NOUN	ADJ	1	37.7	ABC	3	ADJ	-3.76	-3.76	0.00	2.41	-12.53	22.79
PROPN >conj ADJ	PROPN	ADJ		1	37.7	AB	2	PROPN	-6.90	-6.90	0.00	3.03	-118.29	232.43
NOUN >nmod ADJ	NOUN	ADJ		1	37.7	AB	2	NOUN	-9.32	-9.32	0.00	1.91	-636.77	1267.94
